t,best,mean,worst,sd,mean_ar,std_ar
13.572387067011547,91.0,50.65,31.0,13.185882602237895,81.3688778909613,11.635148676007356,0.9106338399265127
