t,best,mean,worst,sd,mean_ar,std_ar
4.216993572836619,200.0,200.0,200.0,0.0
4.174196745451795,200.0,200.0,200.0,0.0
