t,best,mean,worst,sd,mean_ar,std_ar
62.08537423723333,17.0,13.64,11.0,1.6094719630984569
14.550280496598212,27.0,20.53,15.0,3.1095176474816797
